customer_id,customer_first_name,customer_last_name,customer_middle_name,customer_email,customer_phone_number,customer_landline,profile_image,customer_username,customer_password,account_status
1,Adria ,Snow,Lamberg,vulputate.ullamcorper@aol.org,1-398-141-3015,(573) 377-4240,,JPC63CSG1NX,TPC17IEM0RX,1
2,Dorothy ,Vance,Underwood,morbi@google.net,(568) 321-4313,1-241-637-7576,,MPS39WQU8HX,EWL29JMF3RV,1
3,Uta ,Benedict,Espinoza,molestie.sed@icloud.couk,1-353-143-8156,1-960-534-2130,,XID94WKH8OH,KGT87PCU7LG,0
4,Colette ,Amery,Williams,molestie.sed@protonmail.org,(870) 774-9521,(550) 595-2558,,SGN12FAZ0HC,UFF38BHH7FX,0
5,Arthur,Christopher,Jimenez,felis.eget@icloud.couk,1-361-726-3713,1-862-737-5979,,EMC65AGT4ZP,VVB46XRB5CU,0
6,Noelle,Emmanuel,Gilbert,neque.sed@aol.ca,1-919-888-8542,(536) 544-2533,,QHC57CDC2EW,VLB62PFO4BG,1
7,Calista,Simon,Mitchell,aliquam.vulputate.ullamcorper@hotmail.ca,1-852-642-6485,1-389-239-9666,,IFR17RWN3HX,MAR34CKI2UX,1
8,Gwendolyn,Walker,Harmon,justo@icloud.couk,(668) 345-0371,1-894-983-8873,,URG16LTK5UT,RBY71JDW4UI,1
9,Rama,Brendan,Hays,felis.donec@icloud.ca,1-280-755-0157,(238) 641-4811,,QDG21VDE2BM,CAI75MHW2TL,1
10,Arden,Jordan,Johnson,et@protonmail.org,1-683-236-7664,(373) 498-7104,,TNU34PUT5SC,BRE52XHD5HM,1
11,Clark,Hasad,Mclaughlin,eu.augue.porttitor@google.net,1-865-983-1576,(486) 625-2300,,CAO47UJH6YX,YBY11WMD8QD,1
12,Dolan,Timothy,Witt,vitae.posuere@aol.org,(521) 673-4526,1-683-348-3712,,MTE08WVH4TX,IJO04THS5BN,0
13,Leah,Abbot,Adams,auctor.velit@google.ca,1-627-911-0568,(464) 757-4867,,IYT67NOE6CT,EJH41LFF7IZ,1
14,Cain,Cynthia,Valencia,proin@icloud.edu,(768) 882-5231,(413) 591-2022,,QTP92TYC9ET,KBQ61TLB4DL,0
15,Charissa,Phyllis,Tillman,in.condimentum@hotmail.net,(175) 503-1813,1-882-258-3075,,NBN76NRE4UU,MZO16MSF5LE,1
16,Quin,September,Mayo,turpis.aliquam.adipiscing@hotmail.edu,(946) 771-7167,(614) 327-5848,,CDU85QNY7DJ,PHK60BNA7FS,1
17,Zachary,Edan,Benton,quis@outlook.org,1-363-544-8570,1-259-656-7176,,WTM66FHL3WY,DUW11HLR2MY,1
18,Garrison,Francesca,Sanford,id.libero@icloud.org,(255) 482-8237,(522) 385-6263,,XSQ56GJD5EQ,PHU16WAQ8RU,1
19,Meghan,Rajah,Newman,mauris.ut@aol.org,1-538-597-8665,(974) 498-1010,,RZR69SMZ9OK,YDG48KRC6CJ,1
20,Jason,Kelsey,Dillon,nibh.quisque.nonummy@icloud.net,1-436-702-7647,1-884-234-4678,,PNS58NNJ0OZ,OQF31MZK1QW,0
21,Joshua,Xander,Miranda,nibh@protonmail.couk,(684) 707-8631,1-542-698-7543,,FME62BTV9DN,UQC65YFL3WB,1
22,Bruce,Vance,Leblanc,sed.turpis@hotmail.com,(364) 757-1468,1-735-924-7640,,UZO59XTW6CC,PNE25CHS1FI,1
23,Lydia,Cairo,Frost,elit.pretium@icloud.ca,1-588-847-2897,1-222-506-9228,,IMT46GQP8BO,ZTJ23RXE7HH,0
24,Lyle,Pascale,Vaughn,quam.a@icloud.net,1-900-834-4307,1-784-514-8158,,HDF37KEC7RN,KMX26HPW0VG,0
25,Malik,Priscilla,Cotton,natoque.penatibus.et@aol.net,1-254-397-5364,(425) 574-2538,,MBX65ESR7BY,UCJ18MLE7QM,0
26,Berk,Dustin,Strickland,auctor.nunc@yahoo.com,(883) 252-8812,1-666-492-0563,,PEP11TDP2UV,FBH12ADL9QQ,0
27,Tamara,Farrah,Mcknight,interdum.nunc@icloud.com,1-389-844-2463,1-695-763-8191,,RJC41UPB4RM,XQM94HLO4OC,0
28,Ciara,Calista,Mcdaniel,ut.sem@protonmail.edu,(515) 287-2568,1-443-674-5876,,SXQ31VOY6IO,RHU38LWW4XZ,0
29,Darryl,Lunea,Warner,ipsum@hotmail.couk,1-213-571-2105,1-455-217-7557,,QBU42GWN1PP,LWQ08URY5TC,1
30,Iola,Jamalia,Bauer,sit@yahoo.org,1-323-323-3328,(844) 823-8853,,BLC46UPQ3OG,TSY14HPF5QQ,1